{
    "Pt": {
        "a": 4.013732
    },
    "Pd": {
        "a": 3.998072
    },
    "Fe": {
        "a": 2.893316
    },
    "Ni": {
        "a": 3.577644
    },
    "Ag": {
        "a": 4.26015
    },
    "Au": {
        "a": 4.235948
    },
    "Cu": {
        "a": 3.70834
    },
    "Rh": {
        "a": 3.882724
    },
    "V": {
        "a": 3.01497
    },
    "W": {
        "a": 3.192674
    },
    "Mo": {
        "a": 3.17331
    },
    "Nb": {
        "a": 3.316336
    },
    "Cr": {
        "a": 2.863204
    },
    "Ir": {
        "a": 3.893
    },
    "Ta": {
        "a": 3.334218
    },
    "Hf": {
        "a": 3.218418,
        "c": 5.081832
    },
    "Zr": {
        "a": 3.246790,
        "c": 5.172850
    },
    "Co": {
        "a": 2.500673,
        "c": 4.097051
    },
    "Ti": {
        "a": 2.942273,
        "c": 4.667081
    },
    "Os": {
        "a": 2.773357,
        "c": 4.360051
    },
    "Re": {
        "a": 2.798497,
        "c": 4.497198
    },
    "Ru": {
        "a": 2.748451,
        "c": 4.314765
    }
}