{
    "Pt": {
        "a": 4.013732
    },
    "Pd": {
        "a": 3.998072
    },
    "Fe": {
        "a": 2.893316
    },
    "Ni": {
        "a": 3.577644
    },
    "Ag": {
        "a": 4.26015
    },
    "Au": {
        "a": 4.235948
    },
    "Cu": {
        "a": 3.70834
    },
    "Rh": {
        "a": 3.882724
    },
    "V": {
        "a": 3.01497
    },
    "W": {
        "a": 3.192674
    },
    "Ru": {
        "a": 2.748451,
        "c": 4.314765
    }
}