{
    "Pt": {"a": 4.013732},
    "Pd": {"a": 3.998072},
    "Fe": {"a": 2.893316},
    "Ni": {"a": 3.577644},
    "Ru": {"a": 2.748451, "c": 4.314765}
}
