{
    "Pt": {"a": 4.021972},
    "Pd": {"a": 4.00914},
    "Fe": {"a": 2.87}
}
