{
    "Pt": {"a": 4.013732},
    "Pd": {"a": 3.998072}
}
