{
    "Pt": {"a": 3.961348},
    "Pd": {"a": 3.928608},
    "Fe": {"a": 2.855258},
    "Ag": {"a": 4.16084},
    "Au": {"a": 4.159206},
    "Cu": {"a": 3.664988},
    "Mo": {"a": 3.159768},
    "Ni": {"a": 3.535492},
    "V": {"a": 3.001164},
    "Nb": {"a": 3.303544},
    "Rh": {"a": 3.833334},
    "W": {"a": 3.180584},
    "Ir": {"a": 3.863378},
    "Ru": {"a": 2.724160, "c": 4.285019},
    "Ti": {"a": 2.938638, "c": 4.655084},
    "Co": {"a": 2.512255, "c": 4.030514},
    "Zn": {"a": 2.661039, "c": 4.886768}
}
