{
    "Pt": {"a": 3.968712},
    "Pd": {"a": 3.941422},
    "Fe": {"a": 2.838502},
    "Ni": {"a": 3.525664},
    "V": {"a": 3.00371},
    "Ru": {"a": 2.720448, "c": 4.282403},
    "Ti": {"a": 2.933289, "c": 4.650438},
    "Co": {"a": 2.483590, "c": 4.022310},
    "Zn": {"a": 2.667049, "c": 4.860520}
}
